"id","transaksi_id","user_id","bulan","nominal_bulan","created_at","updated_at"
"122","7","31","Mar","10000.00",NULL,NULL
"123","7","5","Mar","10000.00",NULL,NULL
"124","7","21","Mar","10000.00",NULL,NULL
"125","7","39","Mar","10000.00",NULL,NULL
"126","8","15","Mar","10000.00",NULL,NULL
"127","10","7","Jan","10000.00",NULL,NULL
"128","10","7","Feb","10000.00",NULL,NULL
"129","10","7","Mar","10000.00",NULL,NULL
"130","10","7","Apr","10000.00",NULL,NULL
"131","10","7","Mei","10000.00",NULL,NULL
"132","10","7","Jun","10000.00",NULL,NULL
"133","10","7","Jul","10000.00",NULL,NULL
"134","10","7","Ags","10000.00",NULL,NULL
"135","10","7","Sep","10000.00",NULL,NULL
"136","10","7","Okt","10000.00",NULL,NULL
"137","11","1","Jan","10000.00",NULL,NULL
"138","11","1","Feb","10000.00",NULL,NULL
"139","11","1","Mar","10000.00",NULL,NULL
"140","11","1","Apr","10000.00",NULL,NULL
"141","11","1","Mei","10000.00",NULL,NULL
"142","11","33","Jan","10000.00",NULL,NULL
"143","11","33","Feb","10000.00",NULL,NULL
"144","11","33","Mar","10000.00",NULL,NULL
"145","11","33","Apr","10000.00",NULL,NULL
"146","11","33","Mei","10000.00",NULL,NULL
"147","11","33","Jun","10000.00",NULL,NULL
"148","11","33","Jul","10000.00",NULL,NULL
"149","11","33","Ags","10000.00",NULL,NULL
"150","11","33","Sep","10000.00",NULL,NULL
"151","11","33","Okt","10000.00",NULL,NULL
"152","11","33","Nov","10000.00",NULL,NULL
"153","11","33","Des","10000.00",NULL,NULL
"154","11","8","Jan","10000.00",NULL,NULL
"155","11","8","Feb","10000.00",NULL,NULL
"156","11","8","Mar","10000.00",NULL,NULL
"157","11","8","Apr","10000.00",NULL,NULL
"158","11","8","Mei","10000.00",NULL,NULL
"159","11","8","Jun","10000.00",NULL,NULL
"160","11","8","Jul","10000.00",NULL,NULL
"161","11","8","Ags","10000.00",NULL,NULL
"162","11","8","Sep","10000.00",NULL,NULL
"163","11","8","Okt","10000.00",NULL,NULL
"164","11","8","Nov","10000.00",NULL,NULL
"165","11","8","Des","10000.00",NULL,NULL
"166","11","14","Jan","10000.00",NULL,NULL
"167","11","14","Feb","10000.00",NULL,NULL
"168","11","14","Mar","10000.00",NULL,NULL
"169","11","14","Apr","10000.00",NULL,NULL
"170","11","41","Jan","10000.00",NULL,NULL
"171","11","41","Feb","10000.00",NULL,NULL
"172","11","41","Mar","10000.00",NULL,NULL
"173","11","41","Apr","10000.00",NULL,NULL
"174","11","41","Mei","10000.00",NULL,NULL
"175","11","41","Jun","10000.00",NULL,NULL
"176","11","41","Jul","10000.00",NULL,NULL
"177","11","41","Ags","10000.00",NULL,NULL
"178","11","41","Sep","10000.00",NULL,NULL
"179","11","41","Okt","10000.00",NULL,NULL
"180","11","41","Nov","10000.00",NULL,NULL
"181","11","41","Des","10000.00",NULL,NULL
"182","11","25","Jan","10000.00",NULL,NULL
"183","11","25","Feb","10000.00",NULL,NULL
"184","11","25","Mar","10000.00",NULL,NULL
"185","11","25","Apr","10000.00",NULL,NULL
"186","11","25","Mei","10000.00",NULL,NULL
"187","11","25","Jun","10000.00",NULL,NULL
"188","11","25","Jul","10000.00",NULL,NULL
"189","11","25","Ags","10000.00",NULL,NULL
"190","11","25","Sep","10000.00",NULL,NULL
"191","11","25","Okt","10000.00",NULL,NULL
"192","11","25","Nov","10000.00",NULL,NULL
"193","11","25","Des","10000.00",NULL,NULL
"194","14","26","Jan","10000.00",NULL,NULL
"195","14","22","Jan","10000.00",NULL,NULL
"196","14","22","Feb","10000.00",NULL,NULL
"197","14","14","Mei","10000.00",NULL,NULL
"198","15","4","Jan","10000.00",NULL,NULL
"199","15","4","Feb","10000.00",NULL,NULL
"200","15","4","Mar","10000.00",NULL,NULL
"201","15","4","Apr","10000.00",NULL,NULL
"202","15","4","Mei","10000.00",NULL,NULL
"203","17","28","Apr","10000.00",NULL,NULL
"204","18","17","Jan","10000.00",NULL,NULL
"205","18","17","Feb","10000.00",NULL,NULL
"206","18","17","Mar","10000.00",NULL,NULL
"207","18","17","Apr","10000.00",NULL,NULL
"208","18","17","Mei","10000.00",NULL,NULL
"209","19","15","Feb","10000.00",NULL,NULL
"210","19","15","Mar","10000.00",NULL,NULL
"211","20","9","Jan","10000.00",NULL,NULL
"212","20","9","Feb","10000.00",NULL,NULL
"213","20","9","Mar","10000.00",NULL,NULL
"214","20","9","Apr","10000.00",NULL,NULL
"215","21","11","Jan","10000.00",NULL,NULL
"216","21","11","Feb","10000.00",NULL,NULL
"217","21","11","Mar","10000.00",NULL,NULL
"218","21","11","Apr","10000.00",NULL,NULL
"219","21","11","Mei","10000.00",NULL,NULL
"220","22","15","Apr","10000.00",NULL,NULL
"221","22","15","Mei","10000.00",NULL,NULL
"222","23","31","Apr","10000.00",NULL,NULL
"223","23","31","Mei","10000.00",NULL,NULL
"224","24","39","Feb","10000.00",NULL,NULL
"225","25","44","Jan","10000.00",NULL,NULL
"226","26","42","Jan","10000.00",NULL,NULL
"227","27","37","Jan","10000.00",NULL,NULL
"228","27","37","Feb","10000.00",NULL,NULL
"229","33","30","Jan","10000.00",NULL,NULL
"230","33","30","Feb","10000.00",NULL,NULL
"231","34","26","Jan","10000.00",NULL,NULL
"232","61","15","Jun","10000.00",NULL,NULL
"233","62","5","Apr","10000.00",NULL,NULL
"234","65","32","Jan","10000.00",NULL,NULL
"235","65","32","Feb","10000.00",NULL,NULL
"236","65","32","Mar","10000.00",NULL,NULL
"237","65","32","Apr","10000.00",NULL,NULL
"238","65","32","Mei","10000.00",NULL,NULL
"239","360","1","Jun","10000.00",NULL,NULL
"240","360","1","Jul","10000.00",NULL,NULL
"245","367","10","Jan","10000.00",NULL,NULL
"246","367","10","Feb","10000.00",NULL,NULL
